status,title,slug,category,tags,content_type,target_reader,search_intent,core_question,opening_hook,early_verdict,real_test_status,test_plan,personal_angle,what_to_verify,possible_failure_points,article_outline,related_tools,related_articles,source_notes,risk_notes,geo_summary,discussion_hook,cover_image_prompt,editor_notes
draft,免费 AI 工具安全吗？新手应该注意什么,free-ai-tools-safety,AI 工具,"AI 工具,免费工具,隐私风险,新手避坑",风险避坑,刚开始使用 AI 工具、担心隐私和费用的新手,判断免费 AI 工具是否值得用，以及使用前要注意什么,免费 AI 工具到底能不能放心用,免费 AI 工具不是不能用，但最容易被忽略的是隐私、额度和商用边界。,暂不下最终结论；这篇先建立核验清单，后续补充真实测试。,待实测,选 3 到 5 个免费 AI 工具，用注册、输入文本、上传文件、导出结果四个环节测试隐私提示和免费限制。,准备从小白第一次使用的角度观察，不提前伪造推荐结论。,官网；价格；免费额度；隐私条款；商用授权；是否仍然可用,待实测后补充真实翻车点；当前只记录预期风险。,开头结论；为什么要测；测试计划；待核验信息；可能好用的地方；可能翻车的地方；适合谁；不适合谁；替代工具；最终判断,ChatGPT;Claude;Gemini;Perplexity;Poe,待补充,待人工核验官网、官方文档、价格页、隐私条款和授权说明。,可能存在价格变化、免费额度变化、隐私上传、商用授权、地区访问和功能下线风险。,免费 AI 工具安全吗？新手应该注意什么：当前是待实测选题，先记录测试计划和判断框架，暂不伪造最终体验。,你遇到过类似问题吗？最先卡住的是哪一步？,"warm dark editorial article cover, abstract tool testing desk scene, no real logo, no official brand imitation, topic free-ai-tools-safety",首批文章选题草稿，禁止直接发布，需人工核验和真实测试后再进入 ready 状态
draft,ChatGPT 新手入门：从提问到整理答案,chatgpt-beginner-prompt-workflow,AI 工具,"ChatGPT,AI 写作,提示词,新手教程",工具教程,第一次用 ChatGPT、不会提问和整理答案的新手,学习 ChatGPT 的基本提问和整理流程,新手怎样用 ChatGPT 得到更有用的回答,ChatGPT 最常见的问题不是不会回答，而是你一开始就把问题问散了。,暂不下最终结论；后续会用真实资料整理任务测试。,待实测,用一篇文章摘要、一个学习计划和一个工具对比任务测试提问方式差异。,准备从小白第一次使用的角度观察，不提前伪造推荐结论。,官网；价格；免费额度；隐私条款；商用授权；是否仍然可用,待实测后补充真实翻车点；当前只记录预期风险。,开头结论；为什么要测；测试计划；待核验信息；可能好用的地方；可能翻车的地方；适合谁；不适合谁；替代工具；最终判断,ChatGPT;Claude;Gemini;Perplexity,待补充,待人工核验官网、官方文档、价格页、隐私条款和授权说明。,可能存在价格变化、免费额度变化、隐私上传、商用授权、地区访问和功能下线风险。,ChatGPT 新手入门：从提问到整理答案：当前是待实测选题，先记录测试计划和判断框架，暂不伪造最终体验。,你遇到过类似问题吗？最先卡住的是哪一步？,"warm dark editorial article cover, abstract tool testing desk scene, no real logo, no official brand imitation, topic chatgpt-beginner-prompt-workflow",首批文章选题草稿，禁止直接发布，需人工核验和真实测试后再进入 ready 状态
draft,Cursor 适合不会代码的人吗？,cursor-for-non-coders,AI 编程与开发,"Cursor,AI 编程,不会代码,开发工具",真实体验,想用 AI 做网站或小工具但代码基础弱的人,判断 Cursor 是否能帮不会代码的人完成项目,Cursor 能不能降低编程门槛,Cursor 不是魔法棒。它可能帮你写代码，也可能把你带进一个更大的坑。,暂不下最终结论；必须用真实小项目测试后再判断。,待实测,用一个简单页面改版、一个 bug 修复和一个新功能添加任务测试 Cursor 的帮助边界。,准备从小白第一次使用的角度观察，不提前伪造推荐结论。,官网；价格；免费额度；隐私条款；商用授权；是否仍然可用,待实测后补充真实翻车点；当前只记录预期风险。,开头结论；为什么要测；测试计划；待核验信息；可能好用的地方；可能翻车的地方；适合谁；不适合谁；替代工具；最终判断,Cursor;VS Code;GitHub;Vercel,待补充,待人工核验官网、官方文档、价格页、隐私条款和授权说明。,可能存在价格变化、免费额度变化、隐私上传、商用授权、地区访问和功能下线风险。,Cursor 适合不会代码的人吗？：当前是待实测选题，先记录测试计划和判断框架，暂不伪造最终体验。,你遇到过类似问题吗？最先卡住的是哪一步？,"warm dark editorial article cover, abstract tool testing desk scene, no real logo, no official brand imitation, topic cursor-for-non-coders",首批文章选题草稿，禁止直接发布，需人工核验和真实测试后再进入 ready 状态
draft,Figma 和 Canva 怎么选？,figma-vs-canva-for-beginners,设计与图片,"Figma,Canva,设计工具,小白选择",对比选择,不知道该用 Figma 还是 Canva 的设计小白和运营用户,比较 Figma 和 Canva 的适用场景,设计小白应该先学 Figma 还是先用 Canva,Figma 和 Canva 不是谁替代谁，而是解决的问题根本不一样。,暂不下最终结论；后续用海报和网页卡片两个任务对比。,待实测,分别用 Figma 和 Canva 做一张社媒封面和一个网站工具卡片，记录上手难度和产出质量。,准备从小白第一次使用的角度观察，不提前伪造推荐结论。,官网；价格；免费额度；隐私条款；商用授权；是否仍然可用,待实测后补充真实翻车点；当前只记录预期风险。,开头结论；为什么要测；测试计划；待核验信息；可能好用的地方；可能翻车的地方；适合谁；不适合谁；替代工具；最终判断,Figma;Canva;Photopea,待补充,待人工核验官网、官方文档、价格页、隐私条款和授权说明。,可能存在价格变化、免费额度变化、隐私上传、商用授权、地区访问和功能下线风险。,Figma 和 Canva 怎么选？：当前是待实测选题，先记录测试计划和判断框架，暂不伪造最终体验。,你遇到过类似问题吗？最先卡住的是哪一步？,"warm dark editorial article cover, abstract tool testing desk scene, no real logo, no official brand imitation, topic figma-vs-canva-for-beginners",首批文章选题草稿，禁止直接发布，需人工核验和真实测试后再进入 ready 状态
draft,Obsidian 适合小白做笔记吗？,obsidian-for-beginners,文档与效率,"Obsidian,笔记工具,知识管理,小白",风险避坑,想用 Obsidian 做知识库但担心上手难的新手,判断 Obsidian 是否适合新手长期使用,Obsidian 的自由度是优点还是劝退点,Obsidian 最吸引人的地方，也是最容易劝退小白的地方：它太自由了。,暂不下最终结论；后续用一个月笔记整理任务验证。,待实测,用读书笔记、项目资料和每日记录三个场景测试 Obsidian 的结构成本。,准备从小白第一次使用的角度观察，不提前伪造推荐结论。,官网；价格；免费额度；隐私条款；商用授权；是否仍然可用,待实测后补充真实翻车点；当前只记录预期风险。,开头结论；为什么要测；测试计划；待核验信息；可能好用的地方；可能翻车的地方；适合谁；不适合谁；替代工具；最终判断,Obsidian;Notion;AppFlowy,待补充,待人工核验官网、官方文档、价格页、隐私条款和授权说明。,可能存在价格变化、免费额度变化、隐私上传、商用授权、地区访问和功能下线风险。,Obsidian 适合小白做笔记吗？：当前是待实测选题，先记录测试计划和判断框架，暂不伪造最终体验。,你遇到过类似问题吗？最先卡住的是哪一步？,"warm dark editorial article cover, abstract tool testing desk scene, no real logo, no official brand imitation, topic obsidian-for-beginners",首批文章选题草稿，禁止直接发布，需人工核验和真实测试后再进入 ready 状态
draft,remove.bg 免费版够用吗？,remove-bg-free-plan-review,设计与图片,"remove.bg,抠图,免费版,图片工具",问答解释,想快速抠图但不确定免费版限制的用户,判断 remove.bg 免费版是否满足日常抠图需求,remove.bg 免费版到底够不够用,remove.bg 最大的问题不是能不能抠，而是免费版限制和下载质量你能不能接受。,暂不下最终结论；需要用真实图片测试后判断。,待实测,用头像、商品图和复杂背景图片测试抠图质量、下载限制和后续编辑成本。,准备从小白第一次使用的角度观察，不提前伪造推荐结论。,官网；价格；免费额度；隐私条款；商用授权；是否仍然可用,待实测后补充真实翻车点；当前只记录预期风险。,开头结论；为什么要测；测试计划；待核验信息；可能好用的地方；可能翻车的地方；适合谁；不适合谁；替代工具；最终判断,remove.bg;Canva;Photopea;TinyPNG,待补充,待人工核验官网、官方文档、价格页、隐私条款和授权说明。,可能存在价格变化、免费额度变化、隐私上传、商用授权、地区访问和功能下线风险。,remove.bg 免费版够用吗？：当前是待实测选题，先记录测试计划和判断框架，暂不伪造最终体验。,你遇到过类似问题吗？最先卡住的是哪一步？,"warm dark editorial article cover, abstract tool testing desk scene, no real logo, no official brand imitation, topic remove-bg-free-plan-review",首批文章选题草稿，禁止直接发布，需人工核验和真实测试后再进入 ready 状态
draft,TinyPNG 会不会影响图片质量？,tinypng-image-quality-test,设计与图片,"TinyPNG,图片压缩,图片质量,网站优化",真实体验,担心图片压缩后变糊的网站运营者和自媒体,判断 TinyPNG 压缩图片是否影响画质,TinyPNG 压缩后肉眼能不能看出损失,图片压缩不是越小越好。真正要看的是体积、清晰度和使用场景的平衡。,暂不下最终结论；需要用多种图片做压缩前后对比。,待实测,用截图、产品图、插画和封面图测试压缩率与肉眼画质差异。,准备从小白第一次使用的角度观察，不提前伪造推荐结论。,官网；价格；免费额度；隐私条款；商用授权；是否仍然可用,待实测后补充真实翻车点；当前只记录预期风险。,开头结论；为什么要测；测试计划；待核验信息；可能好用的地方；可能翻车的地方；适合谁；不适合谁；替代工具；最终判断,TinyPNG;Squoosh;Photopea,待补充,待人工核验官网、官方文档、价格页、隐私条款和授权说明。,可能存在价格变化、免费额度变化、隐私上传、商用授权、地区访问和功能下线风险。,TinyPNG 会不会影响图片质量？：当前是待实测选题，先记录测试计划和判断框架，暂不伪造最终体验。,你遇到过类似问题吗？最先卡住的是哪一步？,"warm dark editorial article cover, abstract tool testing desk scene, no real logo, no official brand imitation, topic tinypng-image-quality-test",首批文章选题草稿，禁止直接发布，需人工核验和真实测试后再进入 ready 状态
draft,Notion 和 Obsidian 有什么区别？,notion-vs-obsidian,文档与效率,"Notion,Obsidian,笔记工具,知识管理",对比选择,想搭建个人知识库但不知道选 Notion 还是 Obsidian 的用户,比较 Notion 和 Obsidian 的使用边界,Notion 和 Obsidian 到底适合不同的哪类人,Notion 更像工作台，Obsidian 更像个人资料库。选错了，后面迁移会很烦。,暂不下最终结论；后续用同一套资料分别搭建测试。,待实测,用学习笔记、项目计划和资料归档三个场景分别测试 Notion 与 Obsidian。,准备从小白第一次使用的角度观察，不提前伪造推荐结论。,官网；价格；免费额度；隐私条款；商用授权；是否仍然可用,待实测后补充真实翻车点；当前只记录预期风险。,开头结论；为什么要测；测试计划；待核验信息；可能好用的地方；可能翻车的地方；适合谁；不适合谁；替代工具；最终判断,Notion;Obsidian;AppFlowy,待补充,待人工核验官网、官方文档、价格页、隐私条款和授权说明。,可能存在价格变化、免费额度变化、隐私上传、商用授权、地区访问和功能下线风险。,Notion 和 Obsidian 有什么区别？：当前是待实测选题，先记录测试计划和判断框架，暂不伪造最终体验。,你遇到过类似问题吗？最先卡住的是哪一步？,"warm dark editorial article cover, abstract tool testing desk scene, no real logo, no official brand imitation, topic notion-vs-obsidian",首批文章选题草稿，禁止直接发布，需人工核验和真实测试后再进入 ready 状态
draft,如何判断一个 AI 工具靠不靠谱？,how-to-check-ai-tool-trustworthiness,AI 工具,"AI 工具,避坑,隐私,工具选择",风险避坑,经常看到新 AI 工具但不知道是否值得注册的新手,学习判断 AI 工具可靠性的检查方法,一个新 AI 工具上线后，怎么判断是否值得试,看到新 AI 工具先别急着注册。越是看起来万能的工具，越要先查这几件事。,这篇可以先做方法论，但具体工具仍需逐个核验。,待实测,建立官网、隐私、价格、更新频率、退出机制和替代品六项检查表。,准备从小白第一次使用的角度观察，不提前伪造推荐结论。,官网；价格；免费额度；隐私条款；商用授权；是否仍然可用,待实测后补充真实翻车点；当前只记录预期风险。,开头结论；为什么要测；测试计划；待核验信息；可能好用的地方；可能翻车的地方；适合谁；不适合谁；替代工具；最终判断,ChatGPT;Claude;Poe;Perplexity,待补充,待人工核验官网、官方文档、价格页、隐私条款和授权说明。,可能存在价格变化、免费额度变化、隐私上传、商用授权、地区访问和功能下线风险。,如何判断一个 AI 工具靠不靠谱？：当前是待实测选题，先记录测试计划和判断框架，暂不伪造最终体验。,你遇到过类似问题吗？最先卡住的是哪一步？,"warm dark editorial article cover, abstract tool testing desk scene, no real logo, no official brand imitation, topic how-to-check-ai-tool-trustworthiness",首批文章选题草稿，禁止直接发布，需人工核验和真实测试后再进入 ready 状态
draft,新手如何搭建自己的效率工具箱？,beginner-productivity-toolbox,文档与效率,"效率工具,工具箱,新手,工作流",工具箱搭建,想系统整理 AI、笔记、文件和任务工具的新手,搭建一套适合新手的基础效率工具组合,新手到底需要哪些工具，不需要哪些工具,效率工具箱不是装得越多越好。新手最容易犯的错，是还没开始做事就先折腾工具。,暂不下最终结论；后续按真实日常工作流测试最小工具组合。,待实测,用写作、资料整理、任务管理和文件备份四个场景测试最小工具组合。,准备从小白第一次使用的角度观察，不提前伪造推荐结论。,官网；价格；免费额度；隐私条款；商用授权；是否仍然可用,待实测后补充真实翻车点；当前只记录预期风险。,开头结论；为什么要测；测试计划；待核验信息；可能好用的地方；可能翻车的地方；适合谁；不适合谁；替代工具；最终判断,ChatGPT;Notion;Obsidian;Google Drive;Todoist,待补充,待人工核验官网、官方文档、价格页、隐私条款和授权说明。,可能存在价格变化、免费额度变化、隐私上传、商用授权、地区访问和功能下线风险。,新手如何搭建自己的效率工具箱？：当前是待实测选题，先记录测试计划和判断框架，暂不伪造最终体验。,你遇到过类似问题吗？最先卡住的是哪一步？,"warm dark editorial article cover, abstract tool testing desk scene, no real logo, no official brand imitation, topic beginner-productivity-toolbox",首批文章选题草稿，禁止直接发布，需人工核验和真实测试后再进入 ready 状态
